city_name, neutral, negative, positive 
New York City,0.6575449385452443,0.1668883425439522,0.17556671891080342
Chelsea,0.4163653605319355,0.2901128684562023,0.293521771011862
El Segundo,0.48520816422829316,0.25457238642309776,0.2602194493486092
El Segundo,0.48520816422829316,0.25457238642309776,0.2602194493486092
Frisco,0.5177657085740951,0.23786047245041114,0.24437381897549368
Culver City,0.4498973860229587,0.27276920957563205,0.27733340440140924
Aliso Viejo,0.33753537659997535,0.33106783532435496,0.3313967880756697
Springfield Gardens,0.7974117846330994,0.09722834201374604,0.10535987335315457
Paradise,0.6993208982606368,0.14593289586248648,0.1547462058768766
San Francisco,0.7649881019166956,0.11324641649281933,0.1217654815904851
Dania Beach,0.45566856929861616,0.2697902423245753,0.27454118837680846
El Segundo,0.48520816422829316,0.25457238642309776,0.2602194493486092
Calgary,0.3986180252403422,0.29931443810651587,0.3020675366531419
Springfield Gardens,0.7974117846330994,0.09722834201374604,0.10535987335315457
El Segundo,0.48520816422829316,0.25457238642309776,0.2602194493486092
Washington, D.C.,0.829368773644497,0.0815258838591876,0.08910534249631545
Dallas,0.45373942522671773,0.2707858207511235,0.2754747540221588
Dallas,0.45373942522671773,0.2707858207511235,0.2754747540221588
Dania Beach,0.45566856929861616,0.2697902423245753,0.27454118837680846
Dallas,0.45373942522671773,0.2707858207511235,0.2754747540221588
Gladstone,0.5281099784398835,0.2325645342643085,0.23932548729580802
San Francisco,0.7649881019166956,0.11324641649281933,0.1217654815904851
El Segundo,0.48520816422829316,0.25457238642309776,0.2602194493486092
Port Richmond,0.7184075940839864,0.13639972876782785,0.14519267714818576
Ronkonkoma,0.74763215626112,0.12185439136653578,0.13051345237234427
Westford,0.8413027290635169,0.0756851375604054,0.08301213337607774
San Francisco,0.7649881019166956,0.11324641649281933,0.1217654815904851
Summerlin South,0.7989497891036618,0.09647063862831452,0.10457957226802365
Venustiano Carranza,0.8224529793780905,0.0849165350687505,0.09263048555315911
Brighton,0.38829298318096733,0.3046738798259363,0.30703313699309637
Wolverhampton,0.853793221466219,0.06958634028352269,0.07662043825025831
Aldine,0.33606837976814646,0.3318313498214372,0.33210027041041634
Aldine,0.33606837976814646,0.3318313498214372,0.33210027041041634
Aldine,0.33606837976814646,0.3318313498214372,0.33210027041041634
Aldine,0.33606837976814646,0.3318313498214372,0.33210027041041634
Aldine,0.33606837976814646,0.3318313498214372,0.33210027041041634
Aldine,0.33606837976814646,0.3318313498214372,0.33210027041041634
Aldine,0.33606837976814646,0.3318313498214372,0.33210027041041634
Kenner,0.5826147790159973,0.2047733247418527,0.2126118962421501
Kenner,0.5826147790159973,0.2047733247418527,0.2126118962421501
Kenner,0.5826147790159973,0.2047733247418527,0.2126118962421501
Kenner,0.5826147790159973,0.2047733247418527,0.2126118962421501
Kenner,0.5826147790159973,0.2047733247418527,0.2126118962421501
Kenner,0.5826147790159973,0.2047733247418527,0.2126118962421501
Kenner,0.5826147790159973,0.2047733247418527,0.2126118962421501
Cary,0.4127632507093355,0.2919793227057864,0.295257426584878
Birmingham,0.37164244253943524,0.3133249018054254,0.3150326556551393
Orchards,0.687600170324493,0.15179986443391136,0.16059996524159562
Råsunda,0.7546623453587481,0.11836488690740851,0.1269727677338434
North Charleston,0.6676716698250482,0.16179746735989223,0.17053086281505964
Bensenville,0.3667857339643007,0.3158499120942386,0.3173643539414607
Hale,0.5385156130112342,0.22724403272235918,0.23424035426640671
Bensenville,0.3667857339643007,0.3158499120942386,0.3173643539414607
San Francisco,0.7649881019166956,0.11324641649281933,0.1217654815904851
Bensenville,0.3667857339643007,0.3158499120942386,0.3173643539414607
Chicago,0.41817607710823435,0.28917486691749156,0.2926490559742742
Cary,0.4127632507093355,0.2919793227057864,0.295257426584878
El Segundo,0.48520816422829316,0.25457238642309776,0.2602194493486092
Niles,0.6616074816563228,0.1648451853910349,0.17354733295264238
Brighton,0.38829298318096733,0.3046738798259363,0.30703313699309637
Oak Hill,0.6776936958047733,0.15676621914692337,0.1655400850483032
Bensenville,0.3667857339643007,0.3158499120942386,0.3173643539414607
Oak Hill,0.6776936958047733,0.15676621914692337,0.1655400850483032
Elizabeth,0.4872144261995765,0.25354069026951315,0.2592448835309105
Bergeijk,0.36839747389135,0.3150118931749604,0.31659063293368955
Dania Beach,0.45566856929861616,0.2697902423245753,0.27454118837680846
Newark,0.6595781246162669,0.16586565907766282,0.17455621630607032
Dania Beach,0.45566856929861616,0.2697902423245753,0.27454118837680846
Newark,0.6595781246162669,0.16586565907766282,0.17455621630607032
Winter Park,0.852580284801338,0.07017792579788944,0.07724178940077255
Newark,0.6595781246162669,0.16586565907766282,0.17455621630607032
Brighton,0.38829298318096733,0.3046738798259363,0.30703313699309637
Brighton,0.38829298318096733,0.3046738798259363,0.30703313699309637
Paderborn,0.6934842683270123,0.14885328646479182,0.1576624452081959
Bellaire,0.3619936351693986,0.31834194683440276,0.3196644179961986
Elizabeth,0.4872144261995765,0.25354069026951315,0.2592448835309105
Polanco,0.7146377308303097,0.13828057535708962,0.14708169381260064
Bellaire,0.3619936351693986,0.31834194683440276,0.3196644179961986
Bensenville,0.3667857339643007,0.3158499120942386,0.3173643539414607
Franklin Park,0.5136477848527173,0.23997059381548447,0.2463816213317983
Bergeijk,0.36839747389135,0.3150118931749604,0.31659063293368955
Franklin Park,0.5136477848527173,0.23997059381548447,0.2463816213317983
Bensenville,0.3667857339643007,0.3158499120942386,0.3173643539414607
Aldine,0.33606837976814646,0.3318313498214372,0.33210027041041634
Portland,0.7202832508625757,0.13546431604761366,0.14425243308981062
Franklin Park,0.5136477848527173,0.23997059381548447,0.2463816213317983
Aldine,0.33606837976814646,0.3318313498214372,0.33210027041041634
Bensenville,0.3667857339643007,0.3158499120942386,0.3173643539414607
Bozeman,0.3832238932052496,0.3073065940915987,0.3094695127031517
Bensenville,0.3667857339643007,0.3158499120942386,0.3173643539414607
East Point,0.47722661018429624,0.2586791899071731,0.2640941999085307
Newark,0.6595781246162669,0.16586565907766282,0.17455621630607032
Montrose,0.6411527675976161,0.17514388237340925,0.18370335002897475
Xiuying,0.8561952101213877,0.06841524673038886,0.07538954314822353
Aurora,0.35570514772628287,0.3216129624403838,0.3226818898333333
Paradise,0.6993208982606368,0.14593289586248648,0.1547462058768766
Egypt Lake-Leto,0.4812085349550293,0.25662986824286366,0.26216159680210716
Bozeman,0.3832238932052496,0.3073065940915987,0.3094695127031517
Bozeman,0.3832238932052496,0.3073065940915987,0.3094695127031517
Bozeman,0.3832238932052496,0.3073065940915987,0.3094695127031517
Bozeman,0.3832238932052496,0.3073065940915987,0.3094695127031517
Aldine,0.33606837976814646,0.3318313498214372,0.33210027041041634
Hampton Park,0.5426923875072732,0.22511035518311526,0.2321972573096114
Hampton Park,0.5426923875072732,0.22511035518311526,0.2321972573096114
El Segundo,0.48520816422829316,0.25457238642309776,0.2602194493486092
Aldine,0.33606837976814646,0.3318313498214372,0.33210027041041634
Paradise,0.6993208982606368,0.14593289586248648,0.1547462058768766
Chicago,0.41817607710823435,0.28917486691749156,0.2926490559742742
Bensenville,0.3667857339643007,0.3158499120942386,0.3173643539414607
Skokie,0.7880152267979994,0.10186180349076548,0.11012296971123503
Bergeijk,0.36839747389135,0.3150118931749604,0.31659063293368955
Boise,0.3749159709588666,0.3116233761255796,0.31346065291555386
Oak Hill,0.6776936958047733,0.15676621914692337,0.1655400850483032
Boise,0.3749159709588666,0.3116233761255796,0.31346065291555386
Brighton,0.38829298318096733,0.3046738798259363,0.30703313699309637
Newark,0.6595781246162669,0.16586565907766282,0.17455621630607032
SeaTac,0.7750428341393442,0.10827021193623973,0.11668695392441615
SeaTac,0.7750428341393442,0.10827021193623973,0.11668695392441615
Brighton,0.38829298318096733,0.3046738798259363,0.30703313699309637
Camberwell,0.4003627762910698,0.298409213239799,0.3012280104691312
Brighton,0.38829298318096733,0.3046738798259363,0.30703313699309637
Brighton,0.38829298318096733,0.3046738798259363,0.30703313699309637
Brighton,0.38829298318096733,0.3046738798259363,0.30703313699309637
Oakland,0.6816707424802798,0.1547716043688198,0.1635576531509004
Aldine,0.33606837976814646,0.3318313498214372,0.33210027041041634
Aldine,0.33606837976814646,0.3318313498214372,0.33210027041041634
Bensenville,0.3667857339643007,0.3158499120942386,0.3173643539414607
Bensenville,0.3667857339643007,0.3158499120942386,0.3173643539414607
Brownsville,0.39170715047690874,0.3029012159100354,0.30539163361305594
Gahanna,0.521895304171858,0.23574544013199683,0.24235925569614514
Gahanna,0.521895304171858,0.23574544013199683,0.24235925569614514
Oak Hill,0.6776936958047733,0.15676621914692337,0.1655400850483032
Aldine,0.33606837976814646,0.3318313498214372,0.33210027041041634
Aldine,0.33606837976814646,0.3318313498214372,0.33210027041041634
Newark,0.6595781246162669,0.16586565907766282,0.17455621630607032
Gahanna,0.521895304171858,0.23574544013199683,0.24235925569614514
Tung Chung,0.8153325913611166,0.08841190014066189,0.09625550849822151
Millbrae,0.634953909694548,0.1782705699681488,0.18677552033730332
El Segundo,0.48520816422829316,0.25457238642309776,0.2602194493486092
Rock Hill,0.7404882485124116,0.12540414791010898,0.13410760357747942
Millbrae,0.634953909694548,0.1782705699681488,0.18677552033730332
Honolulu,0.5594629252937989,0.216554563015111,0.22398251169109
Oak Hill,0.6776936958047733,0.15676621914692337,0.1655400850483032
Oak Hill,0.6776936958047733,0.15676621914692337,0.1655400850483032
Millbrae,0.634953909694548,0.1782705699681488,0.18677552033730332
Millbrae,0.634953909694548,0.1782705699681488,0.18677552033730332
Oak Hill,0.6776936958047733,0.15676621914692337,0.1655400850483032
Matthews,0.6245700743160036,0.18351398362036697,0.19191594206362927
Rexburg,0.7350576034399582,0.12810513998254436,0.1368372565774974
Brighton,0.38829298318096733,0.3046738798259363,0.30703313699309637
Dania Beach,0.45566856929861616,0.2697902423245753,0.27454118837680846
Rock Hill,0.7404882485124116,0.12540414791010898,0.13410760357747942
Rock Hill,0.7404882485124116,0.12540414791010898,0.13410760357747942
Polanco,0.7146377308303097,0.13828057535708962,0.14708169381260064
Benito Juarez,0.3651811735095661,0.3166842667396656,0.31813455975076826
Millbrae,0.634953909694548,0.1782705699681488,0.18677552033730332
Millbrae,0.634953909694548,0.1782705699681488,0.18677552033730332
Jersey City,0.5762965394659201,0.2079849873672131,0.21571847316686696
Punta Cana,0.7240156922312847,0.1336036625487682,0.1423806452199471
Oak Hill,0.6776936958047733,0.15676621914692337,0.1655400850483032
Shanghai,0.7832094754490727,0.10423429574295945,0.11255622880796781
Palm Springs,0.6973807581283303,0.1469033880353575,0.15571585383631212
Palm Springs,0.6973807581283303,0.1469033880353575,0.15571585383631212
Long Island City,0.6099436129189831,0.19091207495283138,0.19914431212818548
North Atlanta,0.6636329184398045,0.16382696611733177,0.17254011544286366
North Atlanta,0.6636329184398045,0.16382696611733177,0.17254011544286366
Nassau,0.6555080153467713,0.16791319076960148,0.1765787938836273
Chelsea,0.4163653605319355,0.2901128684562023,0.293521771011862
Denver,0.459542792861467,0.2677914938719753,0.27266571326655775
Punta Cana,0.7240156922312847,0.1336036625487682,0.1423806452199471
Punta Cana,0.7240156922312847,0.1336036625487682,0.1423806452199471
Punta Cana,0.7240156922312847,0.1336036625487682,0.1423806452199471
Punta Cana,0.7240156922312847,0.1336036625487682,0.1423806452199471
Rutland,0.7529156235621426,0.11923154060988335,0.12785283582797405
Houston,0.5636674377157151,0.21441241537325456,0.2219201469110302
Franklin Park,0.5136477848527173,0.23997059381548447,0.2463816213317983
Bensenville,0.3667857339643007,0.3158499120942386,0.3173643539414607
Bensenville,0.3667857339643007,0.3158499120942386,0.3173643539414607
Rubidoux,0.7511616545748612,0.12010202274451623,0.12873632268062257
El Segundo,0.48520816422829316,0.25457238642309776,0.2602194493486092
Chicago,0.41817607710823435,0.28917486691749156,0.2926490559742742
Chicago,0.41817607710823435,0.28917486691749156,0.2926490559742742
Chicago,0.41817607710823435,0.28917486691749156,0.2926490559742742
Commerce City,0.4310274520078262,0.2825221126846468,0.28645043530752695
Aurora,0.35570514772628287,0.3216129624403838,0.3226818898333333
Aurora,0.35570514772628287,0.3216129624403838,0.3226818898333333
Aurora,0.35570514772628287,0.3216129624403838,0.3226818898333333
Chicago,0.41817607710823435,0.28917486691749156,0.2926490559742742
Aurora,0.35570514772628287,0.3216129624403838,0.3226818898333333
New York City,0.6575449385452443,0.1668883425439522,0.17556671891080342
Aldine,0.33606837976814646,0.3318313498214372,0.33210027041041634
New York City,0.6575449385452443,0.1668883425439522,0.17556671891080342
Ashland,0.3495324777286522,0.32482448697928784,0.32564303529206
San Bruno,0.7598585937832505,0.11578808893088582,0.12435331728586366
Aldine,0.33606837976814646,0.3318313498214372,0.33210027041041634
Springfield Gardens,0.7974117846330994,0.09722834201374604,0.10535987335315457
Winnipeg,0.8513593637745034,0.07077355109875677,0.07786708512673982
Aldine,0.33606837976814646,0.3318313498214372,0.33210027041041634
Franklin Park,0.5136477848527173,0.23997059381548447,0.2463816213317983
San Francisco,0.7649881019166956,0.11324641649281933,0.1217654815904851
East Point,0.47722661018429624,0.2586791899071731,0.2640941999085307
East Point,0.47722661018429624,0.2586791899071731,0.2640941999085307
Waltham,0.8252438460980627,0.08354772616649651,0.09120842773544066
Etobicoke,0.4912394531074461,0.2514716008005459,0.2572889460920079
Orchards,0.687600170324493,0.15179986443391136,0.16059996524159562
Kissimmee,0.5910366776191938,0.20049643340095777,0.20846688897984844
Dubai,0.4673531612112638,0.26376464964382207,0.26888218914491413
Orchards,0.687600170324493,0.15179986443391136,0.16059996524159562
Millbrae,0.634953909694548,0.1782705699681488,0.18677552033730332
Dubai,0.4673531612112638,0.26376464964382207,0.26888218914491413
Dubai,0.4673531612112638,0.26376464964382207,0.26888218914491413
Conroe,0.4328880081675169,0.2815596508380247,0.28555234099445836
Dubai,0.4673531612112638,0.26376464964382207,0.26888218914491413
Aldine,0.33606837976814646,0.3318313498214372,0.33210027041041634
Millbrae,0.634953909694548,0.1782705699681488,0.18677552033730332
Rahway,0.7295662378262678,0.13083854805102263,0.13959521412270953
San Francisco,0.7649881019166956,0.11324641649281933,0.1217654815904851
Millbrae,0.634953909694548,0.1782705699681488,0.18677552033730332
Salt Lake City,0.7581338727511845,0.1166431423742637,0.12522298487455188
Union,0.8167730307335036,0.0877044389412695,0.09552253032522692
West Valley City,0.8400092894147138,0.07631754024652702,0.08367317033875908
Palm Springs,0.6973807581283303,0.1469033880353575,0.15571585383631212
San Francisco,0.7649881019166956,0.11324641649281933,0.1217654815904851
Newark,0.6595781246162669,0.16586565907766282,0.17455621630607032
Elizabeth,0.4872144261995765,0.25354069026951315,0.2592448835309105
Newark,0.6595781246162669,0.16586565907766282,0.17455621630607032
Millbrae,0.634953909694548,0.1782705699681488,0.18677552033730332
Newark,0.6595781246162669,0.16586565907766282,0.17455621630607032
Millbrae,0.634953909694548,0.1782705699681488,0.18677552033730332
Millbrae,0.634953909694548,0.1782705699681488,0.18677552033730332
Elizabeth,0.4872144261995765,0.25354069026951315,0.2592448835309105
Beverly Hills,0.3700163811149883,0.31417021968212927,0.3158133992028825
Louisville,0.6141315252317467,0.18879235378128206,0.1970761209869711
Oak Hill,0.6776936958047733,0.15676621914692337,0.1655400850483032
Jackson Heights,0.5720850615975629,0.2101272068723268,0.21778773153011016
San Bruno,0.7598585937832505,0.11578808893088582,0.12435331728586366
Gahanna,0.521895304171858,0.23574544013199683,0.24235925569614514
Lexington,0.6036509101173656,0.19409934613607033,0.20224974374656407
Lexington,0.6036509101173656,0.19409934613607033,0.20224974374656407
Gahanna,0.521895304171858,0.23574544013199683,0.24235925569614514
San Luis Obispo,0.7666829248418322,0.1124070774555815,0.12090999770258627
San Luis Obispo,0.7666829248418322,0.1124070774555815,0.12090999770258627
New York City,0.6575449385452443,0.1668883425439522,0.17556671891080342
Millbrae,0.634953909694548,0.1782705699681488,0.18677552033730332
Millbrae,0.634953909694548,0.1782705699681488,0.18677552033730332
Farragut,0.5013711949742704,0.2462676821719301,0.2523611228537995
Rancho Cucamonga,0.7314033464590184,0.1299238531191711,0.1386728004218105
Phra Pradaeng,0.7089375602457315,0.14112642941424555,0.149936010340023
Rancho Cucamonga,0.7314033464590184,0.1299238531191711,0.1386728004218105
Rancho Cucamonga,0.7314033464590184,0.1299238531191711,0.1386728004218105
Singapore,0.7864212207800864,0.10264852282553177,0.11093025639438191
Security-Widefield,0.7799662470711372,0.10583645039537996,0.11419730253348279
Sydney,0.8004797241986142,0.09571710500471682,0.10380317079666898
Bensenville,0.3667857339643007,0.3158499120942386,0.3173643539414607
Charlotte,0.41456107161037864,0.2910476951458622,0.29439123324375915
Harrison,0.5468762958984976,0.22297415759803388,0.23014954650346842
Aldine,0.33606837976814646,0.3318313498214372,0.33210027041041634
Boulder,0.37987953890950876,0.30904403796386726,0.3110764231266241
Bensenville,0.3667857339643007,0.3158499120942386,0.3173643539414607
Phoenix,0.7070256766296377,0.14208147445379377,0.1508928489165686
Oak Hill,0.6776936958047733,0.15676621914692337,0.1655400850483032
Bensenville,0.3667857339643007,0.3158499120942386,0.3173643539414607
Brighton,0.38829298318096733,0.3046738798259363,0.30703313699309637
Aldine,0.33606837976814646,0.3318313498214372,0.33210027041041634
Millbrae,0.634953909694548,0.1782705699681488,0.18677552033730332
Kenner,0.5826147790159973,0.2047733247418527,0.2126118962421501
Palm Desert,0.6954351893367767,0.147876863733608,0.1566879469296152
Brentwood,0.384906603781717,0.30643254773393636,0.30866084848434655
Palm Desert,0.6954351893367767,0.147876863733608,0.1566879469296152
Palm Desert,0.6954351893367767,0.147876863733608,0.1566879469296152
West Orange,0.8347542495558377,0.0788884914161809,0.08635725902798139
Palm Desert,0.6954351893367767,0.147876863733608,0.1566879469296152
Millbrae,0.634953909694548,0.1782705699681488,0.18677552033730332
Palm Desert,0.6954351893367767,0.147876863733608,0.1566879469296152
Town 'n' Country,0.8124271948570051,0.08983940889840346,0.0977333962445915
Palm Desert,0.6954351893367767,0.147876863733608,0.1566879469296152
Palm Desert,0.6954351893367767,0.147876863733608,0.1566879469296152
South Jordan,0.7911793936370716,0.10030074247919747,0.10851986388373097
Paradise,0.6993208982606368,0.14593289586248648,0.1547462058768766
Paradise,0.6993208982606368,0.14593289586248648,0.1547462058768766
Rubidoux,0.7511616545748612,0.12010202274451623,0.12873632268062257
Glen Avon,0.5301865729215545,0.23150220032597588,0.23831122675246966
Bensenville,0.3667857339643007,0.3158499120942386,0.3173643539414607
Washington Heights,0.8280019778716128,0.08219565298367412,0.08980236914471312
Leawood,0.5973476707567366,0.1972946015748291,0.20535772766843427
Skokie,0.7880152267979994,0.10186180349076548,0.11012296971123503
Newark,0.6595781246162669,0.16586565907766282,0.17455621630607032
Newark,0.6595781246162669,0.16586565907766282,0.17455621630607032
Millbrae,0.634953909694548,0.1782705699681488,0.18677552033730332
Millbrae,0.634953909694548,0.1782705699681488,0.18677552033730332
Vancouver,0.8210452680208706,0.08560722234563897,0.09334750963349034
Brighton,0.38829298318096733,0.3046738798259363,0.30703313699309637
Brighton,0.38829298318096733,0.3046738798259363,0.30703313699309637
Bonita Springs,0.37656340708983765,0.31076719117769924,0.31266940173246316
Brighton,0.38829298318096733,0.3046738798259363,0.30703313699309637
Newark,0.6595781246162669,0.16586565907766282,0.17455621630607032
Newark,0.6595781246162669,0.16586565907766282,0.17455621630607032
American Fork,0.340491117152239,0.32952952580258693,0.32997935704517406
Millbrae,0.634953909694548,0.1782705699681488,0.18677552033730332
Cypress,0.4518156769122296,0.2717788214303014,0.27640550165746897
Washington, D.C.,0.829368773644497,0.0815258838591876,0.08910534249631545
Ossining,0.6895666800702829,0.1508148245520557,0.15961849537766154
Ossining,0.6895666800702829,0.1508148245520557,0.15961849537766154
Ossining,0.6895666800702829,0.1508148245520557,0.15961849537766154
Cicero,0.4218166264172635,0.28728943910199595,0.2908939344807406
Forest Hills,0.509542253841575,0.24207542068043314,0.24838232547799188
Napa,0.6514233284679273,0.16996919953048245,0.1786074720015903
West Raleigh,0.8373980440437021,0.0775947343267563,0.08500722162954155
Chelsea,0.4163653605319355,0.2901128684562023,0.293521771011862
Drexel Hill,0.46539299532864303,0.2647749363020838,0.2698320683692732
Liberty,0.6057497855925164,0.19303596602079098,0.2012142483866926
Millbrae,0.634953909694548,0.1782705699681488,0.18677552033730332
Millbrae,0.634953909694548,0.1782705699681488,0.18677552033730332
Mentor,0.6287308756635359,0.18141207321498082,0.18985705112148324
Sparks,0.7927495127923943,0.09952641662784371,0.10772407057976202
San Diego,0.7632857473530901,0.11408970896944794,0.12262454367746206
Marlborough,0.6224863396360648,0.18456706193124492,0.19294659843269046
San Diego,0.7632857473530901,0.11408970896944794,0.12262454367746206
Tempe Junction,0.8080078926137015,0.0920121303230619,0.09997997706323662
East Point,0.47722661018429624,0.2586791899071731,0.2640941999085307
Euless,0.4932580586737639,0.25043429405178835,0.2563076472744477
Santa Monica,0.7717218467087171,0.1099129345997176,0.11836521869156527
Salt Lake City,0.7581338727511845,0.1166431423742637,0.12522298487455188
Cicero,0.4218166264172635,0.28728943910199595,0.2908939344807406
Lubbock,0.6162230077087352,0.18773418543211357,0.19604280685915118
Houston,0.5636674377157151,0.21441241537325456,0.2219201469110302
North Canton,0.6656543444358767,0.16281104549497416,0.17153461006914916
San Diego,0.7632857473530901,0.11408970896944794,0.12262454367746206
North Canton,0.6656543444358767,0.16281104549497416,0.17153461006914916
Troy,0.8138839777729482,0.08912355681477088,0.096992465412281
Troy,0.8138839777729482,0.08912355681477088,0.096992465412281
Drexel Hill,0.46539299532864303,0.2647749363020838,0.2698320683692732
Austin,0.35726642612059467,0.32080077017393993,0.3219328037054654
Tempe Junction,0.8080078926137015,0.0920121303230619,0.09997997706323662
Addison,0.33460862637563277,0.33259110304354705,0.33280027058082023
Warwick,0.8266270029595288,0.08286959919699409,0.09050339784347713
North Little Rock,0.6716936631588113,0.15977751183805297,0.1685288250031358
Burbank,0.3951489038575742,0.30111468839658584,0.30373640774584004
Washington, D.C.,0.829368773644497,0.0815258838591876,0.08910534249631545
Cranberry Township,0.4460774179752776,0.2747420116400839,0.2791805703846386
Nashville,0.6534674475851263,0.16894015835522896,0.17759239405964472
Fairhaven,0.49730704902335254,0.24835437595252294,0.2543385750241245
Drexel Hill,0.46539299532864303,0.2647749363020838,0.2698320683692732
Denver,0.459542792861467,0.2677914938719753,0.27266571326655775
Ferndale,0.5034087419009038,0.245221907241201,0.25136935085789525
Oak Ridge,0.6796845731910482,0.15576759302754417,0.16454783378140758
Ferndale,0.5034087419009038,0.245221907241201,0.25136935085789525
Ferndale,0.5034087419009038,0.245221907241201,0.25136935085789525
Ferndale,0.5034087419009038,0.245221907241201,0.25136935085789525
Ferndale,0.5034087419009038,0.245221907241201,0.25136935085789525
Ferndale,0.5034087419009038,0.245221907241201,0.25136935085789525
Romulus,0.7458567203023574,0.12273623597618506,0.13140704372145756
Ferndale,0.5034087419009038,0.245221907241201,0.25136935085789525
Ferndale,0.5034087419009038,0.245221907241201,0.25136935085789525
Oak Ridge,0.6796845731910482,0.15576759302754417,0.16454783378140758
Spring Valley,0.7943116296992235,0.09875623691684952,0.10693213338392688
Ferndale,0.5034087419009038,0.245221907241201,0.25136935085789525
Ferndale,0.5034087419009038,0.245221907241201,0.25136935085789525
Ferndale,0.5034087419009038,0.245221907241201,0.25136935085789525
Ferndale,0.5034087419009038,0.245221907241201,0.25136935085789525
Houston,0.5636674377157151,0.21441241537325456,0.2219201469110302
San Carlos Park,0.761575898495617,0.11493693869645033,0.12348716280793268
Parole,0.7012555342364873,0.14496542320096087,0.15377904256255165
Austin,0.35726642612059467,0.32080077017393993,0.3219328037054654
Ashtabula,0.3510647701181146,0.3240272034408853,0.324908026441
Santa Ana,0.768370179876119,0.11157170749459892,0.12005811262928193
Austin,0.35726642612059467,0.32080077017393993,0.3219328037054654
Jackson Heights,0.5720850615975629,0.2101272068723268,0.21778773153011016
Council Bluffs,0.4441758589233131,0.2757243585172997,0.28009978255938717
Council Bluffs,0.4441758589233131,0.2757243585172997,0.28009978255938717
Germantown,0.526035839758364,0.2336258851650334,0.24033827507660255
Henderson,0.5489706798097833,0.22190524198800066,0.22912407820221603
Levittown,0.6015508638201473,0.1951636134769896,0.203285522702863
Cicero,0.4218166264172635,0.28728943910199595,0.2908939344807406
Overland,0.6915280724729856,0.14983261923466548,0.1586393082923489
Islip,0.5699798355712503,0.21119849178986366,0.2188216726388859
Windsor,0.8501304420380246,0.07137322630290929,0.07849633165906605
Windsor,0.8501304420380246,0.07137322630290929,0.07849633165906605
El Segundo,0.48520816422829316,0.25457238642309776,0.2602194493486092
North Chicago,0.66968480551545,0.1607862751380369,0.16952891934651312
Frisco,0.5177657085740951,0.23786047245041114,0.24437381897549368
Dania Beach,0.45566856929861616,0.2697902423245753,0.27454118837680846
Costa Mesa,0.44038987812478536,0.27768078020008796,0.2819293416751266
Allen,0.33900962119699746,0.33030056027460636,0.33068981852839624
Jackson Heights,0.5720850615975629,0.2101272068723268,0.21778773153011016
San Francisco,0.7649881019166956,0.11324641649281933,0.1217654815904851
Paradise,0.6993208982606368,0.14593289586248648,0.1547462058768766
Hope Mills,0.5615647384838455,0.21548357097364626,0.22295169054250832
Dallas,0.45373942522671773,0.2707858207511235,0.2754747540221588
San Diego,0.7632857473530901,0.11408970896944794,0.12262454367746206
Gladstone,0.5281099784398835,0.2325645342643085,0.23932548729580802
Brentwood,0.384906603781717,0.30643254773393636,0.30866084848434655
Nashville,0.6534674475851263,0.16894015835522896,0.17759239405964472
Austin,0.35726642612059467,0.32080077017393993,0.3219328037054654
Rancho Cucamonga,0.7314033464590184,0.1299238531191711,0.1386728004218105
Baltimore,0.35883493819322054,0.31998486551434524,0.32118019629243416
Williamsport,0.8476485341408071,0.072584765433034,0.07976670042615891
Austin,0.35726642612059467,0.32080077017393993,0.3219328037054654
Kenner,0.5826147790159973,0.2047733247418527,0.2126118962421501
Gladstone,0.5281099784398835,0.2325645342643085,0.23932548729580802
Brighton,0.38829298318096733,0.3046738798259363,0.30703313699309637
Frisco,0.5177657085740951,0.23786047245041114,0.24437381897549368
Meadow Woods,0.6266516197406568,0.1824623040364998,0.19088607622284345
Addison,0.33460862637563277,0.33259110304354705,0.33280027058082023
El Segundo,0.48520816422829316,0.25457238642309776,0.2602194493486092
El Segundo,0.48520816422829316,0.25457238642309776,0.2602194493486092
Ferndale,0.5034087419009038,0.245221907241201,0.25136935085789525
Elizabeth City,0.48922488223982047,0.2525070807020307,0.2582680370581488
Houston,0.5636674377157151,0.21441241537325456,0.2219201469110302
Dickson,0.46148774385091207,0.26678839590434883,0.27172386024473905
Tampa,0.805020975114482,0.09348156709507163,0.10149745779044635
Richfield,0.736874638745903,0.12720117378055326,0.13592418747354376
Annapolis,0.3449791378918453,0.32719388337494026,0.3278269787332145
Herriman,0.5510665517028694,0.22083585054383337,0.2280975977532971
Brushy Creek,0.39342459215343023,0.30200967649948185,0.30456573134708786
Nashville,0.6534674475851263,0.16894015835522896,0.17759239405964472
Coral Gables,0.43662711785695163,0.27962596013510815,0.28374692200794016
Napa,0.6514233284679273,0.16996919953048245,0.1786074720015903
Waterford,0.8307273938946873,0.080860287767638,0.0884123183376747
Nashville,0.6534674475851263,0.16894015835522896,0.17759239405964472
Newark,0.6595781246162669,0.16586565907766282,0.17455621630607032
Plainfield,0.7108435767332139,0.14017457606782227,0.1489818471989639
Nashville,0.6534674475851263,0.16894015835522896,0.17759239405964472
Friendswood,0.5157052424115941,0.2389161710886045,0.24537858649980135
Tempe Junction,0.8080078926137015,0.0920121303230619,0.09997997706323662
Nashville,0.6534674475851263,0.16894015835522896,0.17759239405964472
Mariners Harbor,0.6204005163009624,0.1856214887003988,0.19397799499863874
Mariners Harbor,0.6204005163009624,0.1856214887003988,0.19397799499863874
Mariners Harbor,0.6204005163009624,0.1856214887003988,0.19397799499863874
Mariners Harbor,0.6204005163009624,0.1856214887003988,0.19397799499863874
Mariners Harbor,0.6204005163009624,0.1856214887003988,0.19397799499863874
Atascocita,0.3526043150209507,0.32322618475933607,0.3241695002197132
La Vergne,0.5931410314464349,0.19942851267281997,0.20743045588074516
Overland,0.6915280724729856,0.14983261923466548,0.1586393082923489
Bowie,0.3815481980031622,0.3081770955730309,0.31027470642380683
Durham,0.46931826244697944,0.2627520425269562,0.26792969502606445
Johnston,0.5784025858847859,0.2069141582056926,0.21468325590952142
West Pensacola,0.8360802196508564,0.07823953931460866,0.0856802410345349
Salisbury,0.7564017760323716,0.117502081171064,0.1260961427965645
Cancún,0.4056374173369801,0.2956733748434269,0.29868920781959296
New York City,0.6575449385452443,0.1668883425439522,0.17556671891080342
Santa Monica,0.7717218467087171,0.1099129345997176,0.11836521869156527
Santa Monica,0.7717218467087171,0.1099129345997176,0.11836521869156527
Santa Monica,0.7717218467087171,0.1099129345997176,0.11836521869156527
Chelsea,0.4163653605319355,0.2901128684562023,0.293521771011862
Long Beach,0.6078473874157605,0.19197352503755358,0.20017908754668598
Boston,0.3782179356781916,0.30990740756253615,0.3118746567592722
Queens Village,0.7258723509664073,0.13267848044166447,0.14144916859192816
Queens Village,0.7258723509664073,0.13267848044166447,0.14144916859192816
City of Milford (balance),0.42364637306933983,0.28634206407192264,0.2900115628587376
Canary Wharf,0.40387250477080583,0.2965886613508387,0.2995388338783555
Seven Oaks,0.7815917840161402,0.10503333040822103,0.11337488557563877
Marlborough,0.6224863396360648,0.18456706193124492,0.19294659843269046
Belvedere Park,0.36358380379108063,0.31751494789696005,0.31890124831195943
Boston,0.3782179356781916,0.30990740756253615,0.3118746567592722
Boca Raton,0.3732756441407471,0.312475950227185,0.31424840563206785
White Plains,0.8451344428598335,0.07381261822481297,0.08105293891535355
Springfield Gardens,0.7974117846330994,0.09722834201374604,0.10535987335315457
White Plains,0.8451344428598335,0.07381261822481297,0.08105293891535355
Springfield Gardens,0.7974117846330994,0.09722834201374604,0.10535987335315457
Springfield Gardens,0.7974117846330994,0.09722834201374604,0.10535987335315457
Dania Beach,0.45566856929861616,0.2697902423245753,0.27454118837680846
Bridgetown,0.3865963080116833,0.30555497122965297,0.30784872075866365
Bridgetown,0.3865963080116833,0.30555497122965297,0.30784872075866365
Huntington Beach,0.5678750881333752,0.21226982325045216,0.21985508861617267
Springfield Gardens,0.7974117846330994,0.09722834201374604,0.10535987335315457
Springfield Gardens,0.7974117846330994,0.09722834201374604,0.10535987335315457
Chelsea,0.4163653605319355,0.2901128684562023,0.293521771011862
Wayne,0.832077843034886,0.08019886026994162,0.08772329669517245
Parsippany,0.7031845915130511,0.14400100552577028,0.15281440296117854
Morristown,0.6432132241146138,0.174105172203206,0.18268160368218025
Jackson Heights,0.5720850615975629,0.2101272068723268,0.21778773153011016
Springfield Gardens,0.7974117846330994,0.09722834201374604,0.10535987335315457
Springfield Gardens,0.7974117846330994,0.09722834201374604,0.10535987335315457
Dyker Heights,0.47128822923547864,0.26173715362548533,0.2669746171390359
Dyker Heights,0.47128822923547864,0.26173715362548533,0.2669746171390359
Dyker Heights,0.47128822923547864,0.26173715362548533,0.2669746171390359
Dyker Heights,0.47128822923547864,0.26173715362548533,0.2669746171390359
Whitestone,0.8463955184122512,0.07319664812089839,0.08040783346685032
Springfield Gardens,0.7974117846330994,0.09722834201374604,0.10535987335315457
Woodstock,0.8549981907230775,0.06899878415442406,0.07600302512249849
College Point,0.4273245871256303,0.2844381239046938,0.28823728896967576
Funza,0.5198290928784453,0.23680354599952225,0.24336736112203253
San Diego,0.7632857473530901,0.11408970896944794,0.12262454367746206
Springfield Gardens,0.7974117846330994,0.09722834201374604,0.10535987335315457
El Dorado Hills,0.48320617466898913,0.2556021264963677,0.26119169883464316
Springfield Gardens,0.7974117846330994,0.09722834201374604,0.10535987335315457
Springfield Gardens,0.7974117846330994,0.09722834201374604,0.10535987335315457
West Sacramento,0.8387077309738102,0.07695407017884243,0.08433819884734728
Nassau,0.6555080153467713,0.16791319076960148,0.1765787938836273
Decatur,0.4576030464226822,0.26879212143721043,0.27360483214010745
Springfield Gardens,0.7974117846330994,0.09722834201374604,0.10535987335315457
Springfield Gardens,0.7974117846330994,0.09722834201374604,0.10535987335315457
Chelsea,0.4163653605319355,0.2901128684562023,0.293521771011862
Carolina,0.4091871691002769,0.2938328860009028,0.29697994489882024
East Massapequa,0.475242475351197,0.25970068748779884,0.26505683716100426
Port Chester,0.7165257322267972,0.1373384921058849,0.14613577566731792
Springfield Gardens,0.7974117846330994,0.09722834201374604,0.10535987335315457
Meadow Woods,0.6266516197406568,0.1824623040364998,0.19088607622284345
Cottonwood Heights,0.4422799935015306,0.2767039587829839,0.28101604771548555
Cottonwood Heights,0.4422799935015306,0.2767039587829839,0.28101604771548555
Wakefield,0.8238525052934058,0.0842300371656516,0.09191745754094256
Wakefield,0.8238525052934058,0.0842300371656516,0.09191745754094256
Long Island City,0.6099436129189831,0.19091207495283138,0.19914431212818548
Long Island City,0.6099436129189831,0.19091207495283138,0.19914431212818548
Queensbury,0.7277225529247846,0.13175676629113214,0.14052068078408314
Long Beach,0.6078473874157605,0.19197352503755358,0.20017908754668598
Dania Beach,0.45566856929861616,0.2697902423245753,0.27454118837680846
Springfield Gardens,0.7974117846330994,0.09722834201374604,0.10535987335315457
Springfield Gardens,0.7974117846330994,0.09722834201374604,0.10535987335315457
Springfield Gardens,0.7974117846330994,0.09722834201374604,0.10535987335315457
Springfield Gardens,0.7974117846330994,0.09722834201374604,0.10535987335315457
Santa Clara,0.7700498318569442,0.11074032169649746,0.11920984644655834
Washington, D.C.,0.829368773644497,0.0815258838591876,0.08910534249631545
North Salt Lake,0.6756981947230214,0.1577674419089344,0.1665343633680443
Springfield Gardens,0.7974117846330994,0.09722834201374604,0.10535987335315457
Springfield Gardens,0.7974117846330994,0.09722834201374604,0.10535987335315457
Springfield Gardens,0.7974117846330994,0.09722834201374604,0.10535987335315457
Springfield Gardens,0.7974117846330994,0.09722834201374604,0.10535987335315457
Springfield Gardens,0.7974117846330994,0.09722834201374604,0.10535987335315457
Springfield Gardens,0.7974117846330994,0.09722834201374604,0.10535987335315457
Springfield Gardens,0.7974117846330994,0.09722834201374604,0.10535987335315457
Springfield Gardens,0.7974117846330994,0.09722834201374604,0.10535987335315457
Springfield Gardens,0.7974117846330994,0.09722834201374604,0.10535987335315457
Springfield Gardens,0.7974117846330994,0.09722834201374604,0.10535987335315457
Springfield Gardens,0.7974117846330994,0.09722834201374604,0.10535987335315457
Springfield Gardens,0.7974117846330994,0.09722834201374604,0.10535987335315457
Chelsea,0.4163653605319355,0.2901128684562023,0.293521771011862
Chelsea,0.4163653605319355,0.2901128684562023,0.293521771011862
Brooklyn,0.3899966055758262,0.30378928928977056,0.3062141051344032
Washington, D.C.,0.829368773644497,0.0815258838591876,0.08910534249631545
Anaheim,0.34197986731571756,0.328754733451403,0.32926539923287945
Anaheim,0.34197986731571756,0.328754733451403,0.32926539923287945
Springfield Gardens,0.7974117846330994,0.09722834201374604,0.10535987335315457
Springfield Gardens,0.7974117846330994,0.09722834201374604,0.10535987335315457
Springfield Gardens,0.7974117846330994,0.09722834201374604,0.10535987335315457
Somerset,0.7896012915324222,0.10107920731941732,0.10931950114816047
Somerset,0.7896012915324222,0.10107920731941732,0.10931950114816047
Somerset,0.7896012915324222,0.10107920731941732,0.10931950114816047
Springfield Gardens,0.7974117846330994,0.09722834201374604,0.10535987335315457
Somerset,0.7896012915324222,0.10107920731941732,0.10931950114816047
Springfield Gardens,0.7974117846330994,0.09722834201374604,0.10535987335315457
Jackson Heights,0.5720850615975629,0.2101272068723268,0.21778773153011016
Longview,0.6120383596175099,0.18985166738250947,0.1981099729999806
Jackson Heights,0.5720850615975629,0.2101272068723268,0.21778773153011016
Wethersfield,0.8425880603303292,0.07505685481151164,0.08235508485815912
Meadow Woods,0.6266516197406568,0.1824623040364998,0.19088607622284345
The Valley,0.8094891451152489,0.09128369682786446,0.09922715805688659
The Valley,0.8094891451152489,0.09128369682786446,0.09922715805688659
The Valley,0.8094891451152489,0.09128369682786446,0.09922715805688659
San Diego,0.7632857473530901,0.11408970896944794,0.12262454367746206
Candelaria,0.40740898379901214,0.29475477586169313,0.2978362403392949
Candelaria,0.40740898379901214,0.29475477586169313,0.2978362403392949
Rancho Penasquitos,0.7332338206841422,0.12901270833587353,0.13775347097998422
Chelsea,0.4163653605319355,0.2901128684562023,0.293521771011862
Springfield Gardens,0.7974117846330994,0.09722834201374604,0.10535987335315457
Springfield Gardens,0.7974117846330994,0.09722834201374604,0.10535987335315457
Longview,0.6120383596175099,0.18985166738250947,0.1981099729999806
Longview,0.6120383596175099,0.18985166738250947,0.1981099729999806
Secaucus,0.7783328911811908,0.10664364493458871,0.1150234638842205
Savannah,0.773386191439832,0.10908956019670575,0.1175242483634622
Charlotte,0.41456107161037864,0.2910476951458622,0.29439123324375915
Tempe Junction,0.8080078926137015,0.0920121303230619,0.09997997706323662
Newark,0.6595781246162669,0.16586565907766282,0.17455621630607032
Aldine,0.33606837976814646,0.3318313498214372,0.33210027041041634
Cypress,0.4518156769122296,0.2717788214303014,0.27640550165746897
Charlotte,0.41456107161037864,0.2910476951458622,0.29439123324375915
Potomac,0.7221526380628748,0.1345322841042803,0.14331507783284486
Drexel Hill,0.46539299532864303,0.2647749363020838,0.2698320683692732
Milton,0.6370230129389008,0.1772266295344178,0.18575035752668134
Tempe Junction,0.8080078926137015,0.0920121303230619,0.09997997706323662
Tempe Junction,0.8080078926137015,0.0920121303230619,0.09997997706323662
Tempe Junction,0.8080078926137015,0.0920121303230619,0.09997997706323662
Charlotte,0.41456107161037864,0.2910476951458622,0.29439123324375915
Drexel Hill,0.46539299532864303,0.2647749363020838,0.2698320683692732
Drexel Hill,0.46539299532864303,0.2647749363020838,0.2698320683692732
Drexel Hill,0.46539299532864303,0.2647749363020838,0.2698320683692732
East Point,0.47722661018429624,0.2586791899071731,0.2640941999085307
Cancún,0.4056374173369801,0.2956733748434269,0.29868920781959296
Upper Saint Clair,0.8196293717365103,0.08630210105648778,0.09406852720700205
Paradise,0.6993208982606368,0.14593289586248648,0.1547462058768766
Torrance,0.8109622484037821,0.09055945588622606,0.09847829570999193
Washington, D.C.,0.829368773644497,0.0815258838591876,0.08910534249631545
Hilton Head,0.5531638121796449,0.21976603499169942,0.2270701528286557
Mountain Brook,0.6493757518284369,0.17100026816229674,0.17962398000926647
Drexel Hill,0.46539299532864303,0.2647749363020838,0.2698320683692732
Drexel Hill,0.46539299532864303,0.2647749363020838,0.2698320683692732
Cancún,0.4056374173369801,0.2956733748434269,0.29868920781959296
Drexel Hill,0.46539299532864303,0.2647749363020838,0.2698320683692732
Drexel Hill,0.46539299532864303,0.2647749363020838,0.2698320683692732
Chelsea,0.4163653605319355,0.2901128684562023,0.293521771011862
Dover,0.46343783360631174,0.26578286429830245,0.2707793020953858
Dover,0.46343783360631174,0.26578286429830245,0.2707793020953858
Dover,0.46343783360631174,0.26578286429830245,0.2707793020953858
Dover,0.46343783360631174,0.26578286429830245,0.2707793020953858
West Albany,0.8334201262637924,0.07954159654921415,0.08703827718699345
Morrisville,0.6452706043358538,0.17306830150034017,0.18166109416380602
Morrisville,0.6452706043358538,0.17306830150034017,0.18166109416380602
Birmingham,0.37164244253943524,0.3133249018054254,0.3150326556551393
Commack,0.42917296201344174,0.2834816132276896,0.28734542475886865
Zionsville,0.8573842977954825,0.06783571705770156,0.07477998514681583
San Francisco,0.7649881019166956,0.11324641649281933,0.1217654815904851
Charlotte,0.41456107161037864,0.2910476951458622,0.29439123324375915
Charlotte,0.41456107161037864,0.2910476951458622,0.29439123324375915
Willow Grove,0.8488935038611561,0.07197696123719635,0.07912953490164754
Drexel Hill,0.46539299532864303,0.2647749363020838,0.2698320683692732
Chillum,0.41999317990487584,0.28823371534773845,0.29177310474738577
Pleasantville,0.7127436564665839,0.13922594727371648,0.14803039625969963
Lebanon,0.5994497496706427,0.19622871600793232,0.20432153432142494
Miami Beach,0.6308077422124787,0.18036334094777579,0.18882891683974565
Miami Beach,0.6308077422124787,0.18036334094777579,0.18882891683974565
Florence,0.5074943577144108,0.24312573018659386,0.2493799120989954
Arbutus,0.3464896601988476,0.3264078308403921,0.32710250896076026
Drexel Hill,0.46539299532864303,0.2647749363020838,0.2698320683692732
East York,0.47921532159939156,0.2576555698423933,0.26312910855821525
Roswell,0.7494004834299488,0.12097631321591011,0.12962320335414113
Drexel Hill,0.46539299532864303,0.2647749363020838,0.2698320683692732
Drexel Hill,0.46539299532864303,0.2647749363020838,0.2698320683692732
Drexel Hill,0.46539299532864303,0.2647749363020838,0.2698320683692732
Willow Grove,0.8488935038611561,0.07197696123719635,0.07912953490164754
Drexel Hill,0.46539299532864303,0.2647749363020838,0.2698320683692732
Charlotte,0.41456107161037864,0.2910476951458622,0.29439123324375915
Charlotte,0.41456107161037864,0.2910476951458622,0.29439123324375915
Willow Grove,0.8488935038611561,0.07197696123719635,0.07912953490164754
Cleveland,0.4254823752126351,0.2853916166851842,0.28912600810218075
Tempe Junction,0.8080078926137015,0.0920121303230619,0.09997997706323662
Cleveland,0.4254823752126351,0.2853916166851842,0.28912600810218075
Warwick,0.8266270029595288,0.08286959919699409,0.09050339784347713
Cleveland,0.4254823752126351,0.2853916166851842,0.28912600810218075
Cleveland,0.4254823752126351,0.2853916166851842,0.28912600810218075
Philadelphia,0.7051079965120619,0.14303967779661717,0.15185232569132084
Philadelphia,0.7051079965120619,0.14303967779661717,0.15185232569132084
Charlotte,0.41456107161037864,0.2910476951458622,0.29439123324375915
Universal City,0.8182052918954719,0.08700117284660137,0.09479353525792683
Washington, D.C.,0.829368773644497,0.0815258838591876,0.08910534249631545
Washington, D.C.,0.829368773644497,0.0815258838591876,0.08910534249631545
Philadelphia,0.7051079965120619,0.14303967779661717,0.15185232569132084
Okolona,0.6836521201037313,0.1537782935310228,0.16256958636524585
Lake in the Hills,0.5952447302625333,0.19836121791596406,0.2063940518215026
Lake in the Hills,0.5952447302625333,0.19836121791596406,0.2063940518215026
Charlotte,0.41456107161037864,0.2910476951458622,0.29439123324375915
Universal City,0.8182052918954719,0.08700117284660137,0.09479353525792683
College Point,0.4273245871256303,0.2844381239046938,0.28823728896967576
Ashford,0.34800744048289706,0.3256180308170545,0.32637452870004846
Charlotte,0.41456107161037864,0.2910476951458622,0.29439123324375915
Washington, D.C.,0.829368773644497,0.0815258838591876,0.08910534249631545
Washington, D.C.,0.829368773644497,0.0815258838591876,0.08910534249631545
Drexel Hill,0.46539299532864303,0.2647749363020838,0.2698320683692732
Drexel Hill,0.46539299532864303,0.2647749363020838,0.2698320683692732
Kenner,0.5826147790159973,0.2047733247418527,0.2126118962421501
Cudahy,0.44798461318440885,0.27375695090422075,0.27825843591137034
Cudahy,0.44798461318440885,0.27375695090422075,0.27825843591137034
Kenner,0.5826147790159973,0.2047733247418527,0.2126118962421501
Kenner,0.5826147790159973,0.2047733247418527,0.2126118962421501
Kenner,0.5826147790159973,0.2047733247418527,0.2126118962421501
Hoboken,0.5552623614447405,0.21869584719969537,0.22604179135556418
Charlotte,0.41456107161037864,0.2910476951458622,0.29439123324375915
Orange,0.6856286233392185,0.15278770041053943,0.16158367625024203
Charlotte,0.41456107161037864,0.2910476951458622,0.29439123324375915
Charlotte,0.41456107161037864,0.2910476951458622,0.29439123324375915
Charlotte,0.41456107161037864,0.2910476951458622,0.29439123324375915
Charlotte,0.41456107161037864,0.2910476951458622,0.29439123324375915
Charlotte,0.41456107161037864,0.2910476951458622,0.29439123324375915
Charlotte,0.41456107161037864,0.2910476951458622,0.29439123324375915
Charlotte,0.41456107161037864,0.2910476951458622,0.29439123324375915
Kent,0.5868264183042513,0.2026339426291942,0.21053963906655437
Kent,0.5868264183042513,0.2026339426291942,0.21053963906655437
Kent,0.5868264183042513,0.2026339426291942,0.21053963906655437
Tallahassee,0.8035153300406661,0.09422256527925005,0.10226210468008387
Tallahassee,0.8035153300406661,0.09422256527925005,0.10226210468008387
Charlotte,0.41456107161037864,0.2910476951458622,0.29439123324375915
East Lansing,0.4732629907911385,0.2607200220790439,0.2660169871298177
East Lansing,0.4732629907911385,0.2607200220790439,0.2660169871298177
Charlotte,0.41456107161037864,0.2910476951458622,0.29439123324375915
Paradise,0.6993208982606368,0.14593289586248648,0.1547462058768766
Charlotte,0.41456107161037864,0.2910476951458622,0.29439123324375915
Charlotte,0.41456107161037864,0.2910476951458622,0.29439123324375915
Town 'n' Country,0.8124271948570051,0.08983940889840346,0.0977333962445915
North Miami,0.6736981551661283,0.15877122004411573,0.1675306247897559
Charlotte,0.41456107161037864,0.2910476951458622,0.29439123324375915
Washington, D.C.,0.829368773644497,0.0815258838591876,0.08910534249631545
Washington, D.C.,0.829368773644497,0.0815258838591876,0.08910534249631545
Paradise,0.6993208982606368,0.14593289586248648,0.1547462058768766
Springfield Gardens,0.7974117846330994,0.09722834201374604,0.10535987335315457
Charlotte,0.41456107161037864,0.2910476951458622,0.29439123324375915
Paradise,0.6993208982606368,0.14593289586248648,0.1547462058768766
Charlotte,0.41456107161037864,0.2910476951458622,0.29439123324375915
San Francisco,0.7649881019166956,0.11324641649281933,0.1217654815904851
Haltom City,0.5406030596576301,0.22617753450887151,0.23321940583349848
Bushwick,0.3968800578191254,0.300216269467273,0.3029036727136016
Bushwick,0.3968800578191254,0.300216269467273,0.3029036727136016
Bushwick,0.3968800578191254,0.300216269467273,0.3029036727136016
Bushwick,0.3968800578191254,0.300216269467273,0.3029036727136016
Santa Monica,0.7717218467087171,0.1099129345997176,0.11836521869156527
Charlotte,0.41456107161037864,0.2910476951458622,0.29439123324375915
San Francisco,0.7649881019166956,0.11324641649281933,0.1217654815904851
Haltom City,0.5406030596576301,0.22617753450887151,0.23321940583349848
Bushwick,0.3968800578191254,0.300216269467273,0.3029036727136016
Bushwick,0.3968800578191254,0.300216269467273,0.3029036727136016
Bushwick,0.3968800578191254,0.300216269467273,0.3029036727136016
Bushwick,0.3968800578191254,0.300216269467273,0.3029036727136016
Grapevine,0.5364301446828535,0.22830979896179432,0.23526005635535216
Egypt Lake-Leto,0.4812085349550293,0.25662986824286366,0.26216159680210716
Manhattan,0.6183127052436116,0.186677213435766,0.19501008132062236
Egypt Lake-Leto,0.4812085349550293,0.25662986824286366,0.26216159680210716
White Plains,0.8451344428598335,0.07381261822481297,0.08105293891535355
Egypt Lake-Leto,0.4812085349550293,0.25662986824286366,0.26216159680210716
Gladstone,0.5281099784398835,0.2325645342643085,0.23932548729580802
Gladstone,0.5281099784398835,0.2325645342643085,0.23932548729580802
Palm Springs,0.6973807581283303,0.1469033880353575,0.15571585383631212
Gladstone,0.5281099784398835,0.2325645342643085,0.23932548729580802
Weymouth,0.8438652943276687,0.07443268435683031,0.08170202131550103
Rockland,0.7422847164475275,0.1245111368761905,0.13320414667628208
Austin,0.35726642612059467,0.32080077017393993,0.3219328037054654
Coppell,0.4347545804788874,0.2805942567808461,0.28465116274026636
Coppell,0.4347545804788874,0.2805942567808461,0.28465116274026636
Coppell,0.4347545804788874,0.2805942567808461,0.28465116274026636
Evanston,0.4952806179347795,0.24939520434251197,0.25532417772270843
Grapevine,0.5364301446828535,0.22830979896179432,0.23526005635535216
Manhattan,0.6183127052436116,0.186677213435766,0.19501008132062236
Skokie,0.7880152267979994,0.10186180349076548,0.11012296971123503
Jackson Heights,0.5720850615975629,0.2101272068723268,0.21778773153011016
Philadelphia,0.7051079965120619,0.14303967779661717,0.15185232569132084
Coppell,0.4347545804788874,0.2805942567808461,0.28465116274026636
Bensenville,0.3667857339643007,0.3158499120942386,0.3173643539414607
Coppell,0.4347545804788874,0.2805942567808461,0.28465116274026636
Seattle,0.7766917439733665,0.10745490272588633,0.11585335330074716
Franklin Park,0.5136477848527173,0.23997059381548447,0.2463816213317983
Fairview Park,0.49933726922170374,0.24731185354754576,0.25335087723075056
Fairview Park,0.49933726922170374,0.24731185354754576,0.25335087723075056
Fairview Park,0.49933726922170374,0.24731185354754576,0.25335087723075056
Brownsville,0.39170715047690874,0.3029012159100354,0.30539163361305594
Fairview Park,0.49933726922170374,0.24731185354754576,0.25335087723075056
Rogers,0.7440742238871726,0.12362182526158733,0.13230395085124008
Morrisville,0.6452706043358538,0.17306830150034017,0.18166109416380602
Fairview Park,0.49933726922170374,0.24731185354754576,0.25335087723075056
Bensenville,0.3667857339643007,0.3158499120942386,0.3173643539414607
Germantown,0.526035839758364,0.2336258851650334,0.24033827507660255
Germantown,0.526035839758364,0.2336258851650334,0.24033827507660255
Germantown,0.526035839758364,0.2336258851650334,0.24033827507660255
Germantown,0.526035839758364,0.2336258851650334,0.24033827507660255
Germantown,0.526035839758364,0.2336258851650334,0.24033827507660255
Germantown,0.526035839758364,0.2336258851650334,0.24033827507660255
Bensenville,0.3667857339643007,0.3158499120942386,0.3173643539414607
Golden,0.5343467512726306,0.22937478256863747,0.23627846615873183
Midland,0.6328821199101786,0.179316156773601,0.18780172331622041
Grapevine,0.5364301446828535,0.22830979896179432,0.23526005635535216
Santa Monica,0.7717218467087171,0.1099129345997176,0.11836521869156527
Costa Mesa,0.44038987812478536,0.27768078020008796,0.2819293416751266
Kannapolis,0.580508700088986,0.20584358641744202,0.21364771349357195
Coppell,0.4347545804788874,0.2805942567808461,0.28465116274026636
Santa Monica,0.7717218467087171,0.1099129345997176,0.11836521869156527
Elizabeth,0.4872144261995765,0.25354069026951315,0.2592448835309105
Golden,0.5343467512726306,0.22937478256863747,0.23627846615873183
Springfield,0.7958657260722196,0.09799020999529044,0.10614406393248993
Santa Monica,0.7717218467087171,0.1099129345997176,0.11836521869156527
Tempe Junction,0.8080078926137015,0.0920121303230619,0.09997997706323662
Tallahassee,0.8035153300406661,0.09422256527925005,0.10226210468008387
Springfield,0.7958657260722196,0.09799020999529044,0.10614406393248993
Hollywood,0.5573620993257788,0.21762533916735832,0.22501256150686277
Bensenville,0.3667857339643007,0.3158499120942386,0.3173643539414607
Shrewsbury,0.7848192958578173,0.10343935664240682,0.11174134749977584
Shrewsbury,0.7848192958578173,0.10343935664240682,0.11174134749977584
Four Corners,0.5115934256521272,0.24102369283862887,0.24738288150924392
Shrewsbury,0.7848192958578173,0.10343935664240682,0.11174134749977584
Dallas,0.45373942522671773,0.2707858207511235,0.2754747540221588
Golden,0.5343467512726306,0.22937478256863747,0.23627846615873183
Cartagena,0.41097193712782343,0.2929077273927394,0.29612033547943717
Hollywood,0.5573620993257788,0.21762533916735832,0.22501256150686277
Hollywood,0.5573620993257788,0.21762533916735832,0.22501256150686277
Shrewsbury,0.7848192958578173,0.10343935664240682,0.11174134749977584
Phoenix,0.7070256766296377,0.14208147445379377,0.1508928489165686
Montrose,0.6411527675976161,0.17514388237340925,0.18370335002897475
Bensenville,0.3667857339643007,0.3158499120942386,0.3173643539414607
San Francisco,0.7649881019166956,0.11324641649281933,0.1217654815904851
Montrose,0.6411527675976161,0.17514388237340925,0.18370335002897475
Montrose,0.6411527675976161,0.17514388237340925,0.18370335002897475
Montrose,0.6411527675976161,0.17514388237340925,0.18370335002897475
Montrose,0.6411527675976161,0.17514388237340925,0.18370335002897475
Montrose,0.6411527675976161,0.17514388237340925,0.18370335002897475
Minneapolis,0.6390893314719512,0.17618438419315482,0.18472628433489383
El Segundo,0.48520816422829316,0.25457238642309776,0.2602194493486092
El Segundo,0.48520816422829316,0.25457238642309776,0.2602194493486092
El Segundo,0.48520816422829316,0.25457238642309776,0.2602194493486092
Battersea,0.360410677110248,0.3191652552992974,0.3204240675904546
Germantown,0.526035839758364,0.2336258851650334,0.24033827507660255
El Segundo,0.48520816422829316,0.25457238642309776,0.2602194493486092
Dallas,0.45373942522671773,0.2707858207511235,0.2754747540221588
Dallas,0.45373942522671773,0.2707858207511235,0.2754747540221588
Battersea,0.360410677110248,0.3191652552992974,0.3204240675904546
Phoenix,0.7070256766296377,0.14208147445379377,0.1508928489165686
Romulus,0.7458567203023574,0.12273623597618506,0.13140704372145756
Seattle,0.7766917439733665,0.10745490272588633,0.11585335330074716
Miami Beach,0.6308077422124787,0.18036334094777579,0.18882891683974565
Corpus Christi,0.4385055681467016,0.27865479105002294,0.28283964080327545
Corpus Christi,0.4385055681467016,0.27865479105002294,0.28283964080327545
Battersea,0.360410677110248,0.3191652552992974,0.3204240675904546
Canarsie,0.4021142801041036,0.2975006143244508,0.3003851055714455
Brownsville,0.39170715047690874,0.3029012159100354,0.30539163361305594
Tempe,0.8065184994504705,0.09274475451689804,0.10073674603263157
Glendale,0.532265528847285,0.2304389330975041,0.23729553805521086
Charlotte,0.41456107161037864,0.2910476951458622,0.29439123324375915
Kensington,0.5847207195021035,0.20370342590910698,0.21157585458878944
Key West,0.5889317721219481,0.20156492758092598,0.2095033002971258
El Segundo,0.48520816422829316,0.25457238642309776,0.2602194493486092
Atascocita,0.3526043150209507,0.32322618475933607,0.3241695002197132
East York,0.47921532159939156,0.2576555698423933,0.26312910855821525
Honolulu,0.5594629252937989,0.216554563015111,0.22398251169109
Brownsville,0.39170715047690874,0.3029012159100354,0.30539163361305594
Jacksonville Beach,0.5741906637719153,0.20905602116438377,0.21675331506370102
Grapevine,0.5364301446828535,0.22830979896179432,0.23526005635535216
Grapevine,0.5364301446828535,0.22830979896179432,0.23526005635535216
Austin,0.35726642612059467,0.32080077017393993,0.3219328037054654
Brighton,0.38829298318096733,0.3046738798259363,0.30703313699309637
Springfield Gardens,0.7974117846330994,0.09722834201374604,0.10535987335315457
Brownsville,0.39170715047690874,0.3029012159100354,0.30539163361305594
Charlotte,0.41456107161037864,0.2910476951458622,0.29439123324375915
Grapevine,0.5364301446828535,0.22830979896179432,0.23526005635535216
Bensenville,0.3667857339643007,0.3158499120942386,0.3173643539414607
Miami Beach,0.6308077422124787,0.18036334094777579,0.18882891683974565
Miami Beach,0.6308077422124787,0.18036334094777579,0.18882891683974565
Miami Beach,0.6308077422124787,0.18036334094777579,0.18882891683974565
Charlotte,0.41456107161037864,0.2910476951458622,0.29439123324375915
El Segundo,0.48520816422829316,0.25457238642309776,0.2602194493486092
Santa Monica,0.7717218467087171,0.1099129345997176,0.11836521869156527
Charlotte,0.41456107161037864,0.2910476951458622,0.29439123324375915
Santa Monica,0.7717218467087171,0.1099129345997176,0.11836521869156527
Springfield Gardens,0.7974117846330994,0.09722834201374604,0.10535987335315457
Springfield Gardens,0.7974117846330994,0.09722834201374604,0.10535987335315457
Charlotte,0.41456107161037864,0.2910476951458622,0.29439123324375915
Coppell,0.4347545804788874,0.2805942567808461,0.28465116274026636
Washington, D.C.,0.829368773644497,0.0815258838591876,0.08910534249631545
Mount Vernon,0.647324812107605,0.17203331776329625,0.1806418701290988
Springfield Gardens,0.7974117846330994,0.09722834201374604,0.10535987335315457
Morrisville,0.6452706043358538,0.17306830150034017,0.18166109416380602
Howard Beach,0.5657709215148512,0.21334114863310097,0.22088792985204797
Garland,0.5239642506269364,0.23468620353244887,0.24134954584061474
Flagami,0.5054498248104075,0.2441745745344533,0.25037560065513925
Angeles City,0.34347587378433736,0.3279761851814493,0.32854794103421325
Washington, D.C.,0.829368773644497,0.0815258838591876,0.08910534249631545
Tacoma,0.8020015756182044,0.0949677458224876,0.10303067855930807
Springfield Gardens,0.7974117846330994,0.09722834201374604,0.10535987335315457
Garland,0.5239642506269364,0.23468620353244887,0.24134954584061474
Elizabeth,0.4872144261995765,0.25354069026951315,0.2592448835309105
Augusta,0.3541511089849008,0.3224214359400275,0.3234274550750717
Harlem,0.5447834989497989,0.22404254580011398,0.23117395525008702
Montrose,0.6411527675976161,0.17514388237340925,0.18370335002897475
Montrose,0.6411527675976161,0.17514388237340925,0.18370335002897475
East Point,0.47722661018429624,0.2586791899071731,0.2640941999085307
Grapevine,0.5364301446828535,0.22830979896179432,0.23526005635535216
El Segundo,0.48520816422829316,0.25457238642309776,0.2602194493486092
Rio Rancho,0.7386848717060738,0.1263008348902406,0.13501429340368565
Mount Vernon,0.647324812107605,0.17203331776329625,0.1806418701290988
Grapevine,0.5364301446828535,0.22830979896179432,0.23526005635535216
Springfield Gardens,0.7974117846330994,0.09722834201374604,0.10535987335315457
